Condition,PAMR1,CTSC,PHYHIP,CD24,WNT5A,RAB3B,WIF1,TNNC1,PARK7,MMP14,ARHGEF4,CFL1,SNRPD2,PTMA,DEFA1,ITGA2,EFNB3,FABP7,ZBTB48,TRO,MAP3K8,STAT5B,RAD51,FOXN3,CCNE2,SLC38A2,CTDP1,LSM6,NEB,PRIM1,AUH,KIT,MAPK8IP2,CD79A,PSPH,ASNS,CENPE,AKAP10,GABRP,CFTR,GNE,ORM2,ORM1,IKZF1,ARL4A,IFT27,TGFA,VIPR1,CLOCK,ITGB4
AK,3.36844,11.03882,6.20261,10.95951,10.32273,4.58584,3.4549,5.4041,11.48965,7.90538,7.45848,11.4422,12.20916,12.64156,4.92334,8.30299,4.72589,3.03477,6.67901,4.19418,7.01866,6.00354,4.14878,7.56903,6.29029,11.66704,7.37872,8.38293,4.828,8.02271,6.98714,9.14211,5.5365,5.68375,10.09909,7.7835,7.25946,6.47659,3.30416,3.91182,4.41828,2.51447,4.78298,4.86891,10.57451,7.73557,6.30747,7.03828,8.27777,9.84042
AK,3.09156,11.53054,7.02185,12.00373,9.68522,4.55289,3.81213,5.38796,11.16006,7.73555,8.08567,11.53014,11.85528,12.54014,4.64134,7.94689,5.59812,3.16259,6.27214,4.28496,7.26287,6.47322,5.09307,6.8557,6.54434,11.55953,7.35391,7.97803,6.39792,7.11504,7.45817,8.10849,6.04757,5.78454,8.38088,7.70908,7.7814,6.51984,3.6174,4.29546,5.01507,2.96157,4.90941,5.04388,10.50142,7.32439,6.87945,6.78027,8.34308,9.87194
AK,4.96094,11.09334,5.8868,12.46141,8.61659,4.48238,3.51629,5.2988,10.80765,7.8714,8.2383,11.4332,11.67499,12.14405,4.76697,7.24119,4.97673,3.28164,5.74389,4.67705,6.10646,5.7853,4.5122,6.7478,3.54124,11.41208,7.72558,8.45586,4.44576,5.53275,7.01811,7.08817,6.18296,5.42466,7.14208,7.73165,5.46337,7.18444,2.78411,7.66458,3.88371,2.30444,4.53412,4.34914,9.88165,7.16152,7.76205,7.52121,8.28328,10.72854
AK,4.02097,10.41561,7.0387,10.76514,6.40898,4.5223,3.51307,4.68288,11.71418,6.83913,6.88655,11.15119,12.10581,12.16847,4.4953,6.87137,5.99642,11.06843,6.21319,4.3491,6.45531,5.50231,4.39726,6.12372,4.002,10.24142,6.57198,8.10193,5.07458,7.03657,8.64138,5.83631,6.00567,5.23447,10.63484,7.64283,6.00747,6.3863,3.07698,5.45941,4.72969,2.33348,4.69566,4.45339,10.65192,8.0948,6.62694,6.66588,7.98454,8.31883
AK,2.89288,11.097,5.5858,11.25129,9.77822,4.56242,3.75623,4.82978,11.38581,7.26214,7.23493,11.62969,11.28893,12.61905,5.17149,8.32393,5.52145,3.12463,5.30713,4.00219,6.79999,5.63768,5.05591,6.86625,5.42936,11.56512,6.53848,8.51595,5.44812,7.85137,7.76884,7.22201,5.41248,5.61962,6.36082,8.26397,6.61391,6.58701,2.72919,4.31909,4.99708,2.63381,4.95856,4.66437,10.3632,6.79005,6.89986,7.29177,8.53666,9.77691
AK,4.48074,11.13991,6.03823,12.35975,8.67051,4.47778,4.39821,4.5273,10.96827,6.9269,7.71653,11.87797,11.30908,12.68364,4.1765,7.42727,4.67953,4.52628,6.00364,4.36886,8.05748,5.81036,5.02908,6.10476,6.26665,11.22734,6.21294,8.69318,6.09879,7.88215,7.34132,9.12591,5.40994,5.3438,6.45246,8.29624,7.82057,6.59735,2.61803,3.90607,5.9025,2.33049,4.58781,5.61536,10.5988,7.22556,6.14245,7.50678,8.34309,8.07179
AK,3.20576,11.28734,5.61339,11.62308,9.53018,4.82537,3.57915,4.7765,11.66921,7.36115,7.38598,11.52017,11.7905,12.59294,4.535,8.47833,6.2826,3.78777,5.23712,4.37467,7.33643,5.44649,4.68661,5.88118,5.1109,11.32892,6.88688,8.96733,5.43355,7.63142,7.69473,7.1424,5.89688,5.80971,7.79972,8.83567,7.65424,6.22688,3.24323,3.958,4.94231,2.54743,4.95861,4.97172,10.54005,7.79875,6.61939,6.57907,8.64491,9.23371
AK,3.40781,11.77011,6.67538,12.51089,10.5158,4.35017,4.03986,4.84169,11.76805,6.86205,7.11756,11.53567,11.97421,12.96394,4.5557,7.01073,5.98638,2.85189,5.54185,4.05616,7.8389,5.60332,5.92044,5.40613,6.66359,11.3487,6.19404,8.54844,5.23308,8.13539,7.54957,9.40105,5.29156,4.8698,9.23891,8.6911,7.51208,6.35395,3.15877,3.4786,5.01913,2.58929,4.53632,4.6329,10.09257,7.61152,6.63471,6.01093,8.56265,8.38942
AK,3.18965,10.56561,6.80797,11.92477,7.95633,4.3956,3.29623,4.79973,11.68826,7.06097,7.90533,11.0679,11.94782,12.75752,4.35738,8.13541,6.38912,3.85085,6.19983,4.05194,7.96721,6.39438,4.9019,6.20021,7.86932,11.48323,6.74102,9.15829,5.42181,8.76493,8.26408,7.15895,5.37162,5.12024,8.00415,9.22455,8.96229,6.48682,3.33054,4.15313,4.82997,2.64977,4.39744,4.32867,10.27266,7.3363,6.10771,6.11979,8.84231,8.4778
AK,4.17099,11.34863,5.26973,12.33256,10.81227,4.45074,3.44769,4.76599,10.57307,7.07926,8.14581,11.0291,10.93914,12.23047,4.51792,8.07766,6.08423,3.21883,5.94105,3.89538,8.8237,5.03155,4.38855,6.3623,6.35841,11.7555,6.72255,8.15392,5.72374,7.78714,6.9046,8.83529,5.76178,5.56007,6.85817,8.48907,7.45102,6.34613,3.03461,4.7387,4.86349,2.35167,4.78415,4.55993,10.10647,6.41394,6.90834,8.09596,7.9208,8.93654
AK,4.48716,10.52337,5.91878,11.76637,8.68516,5.89682,7.13903,6.65837,10.84715,7.3696,7.5187,11.42868,12.05377,12.19558,4.20258,7.34246,5.96501,4.4891,6.11202,3.74435,7.70756,5.97351,4.63949,6.77618,5.85961,10.98522,7.15999,8.582,4.50204,7.35056,6.88068,8.42578,5.80885,5.43221,8.93808,8.53887,6.13138,6.26187,4.22084,6.65911,4.27123,2.3374,4.32884,4.76741,9.86127,7.18303,7.68832,6.35155,8.28988,9.57185
AK,5.52567,9.24621,5.17207,11.59149,7.67028,5.08945,6.18595,5.6249,11.14844,7.62563,7.57966,11.35689,12.1403,11.9683,4.87799,8.85153,5.59699,6.27218,5.71142,3.77524,6.71588,5.73083,3.78981,6.71155,5.48283,11.38233,6.79968,8.33392,3.60258,6.68022,7.05215,8.17566,5.57747,5.3252,8.82331,8.60345,6.11304,6.44838,6.71454,7.24529,4.59641,2.00137,4.25557,4.91288,9.17583,8.08709,7.89934,6.89579,8.27424,9.44168
AK,5.72575,10.688,5.98561,10.39724,8.20725,5.02148,6.09527,6.56273,11.40777,8.08761,6.85312,11.1448,11.70464,12.38696,4.34877,7.535,5.66421,5.23903,5.75633,3.83623,7.63851,5.71438,3.99121,6.23437,4.85602,10.95454,7.46281,8.84688,4.13887,6.55419,7.48717,8.85144,5.40686,5.13985,6.85743,7.87351,5.9889,6.20381,7.85386,8.70161,6.18987,3.07227,4.84447,4.98367,9.87791,7.52214,7.02711,7.76029,7.91601,9.42668
AK,4.47906,10.22543,5.4074,10.31718,8.95339,5.58155,5.53997,6.00744,11.09624,7.66954,7.2373,11.06055,11.77424,12.14641,4.87381,8.26967,5.7252,6.19726,6.49691,3.8611,7.0536,5.97245,4.37066,7.00167,5.11339,10.95981,7.61231,8.75511,3.84931,6.51597,7.79161,8.36063,5.75814,5.52621,7.53585,8.39235,6.43528,6.69542,4.18065,7.22768,4.89229,2.19333,4.38888,4.78967,10.19167,7.59867,7.84334,6.72832,7.80864,8.8994
AK,4.43397,10.54652,6.72351,10.54435,8.67642,6.32531,4.7157,6.26178,11.15754,7.7274,6.91077,10.905,11.93668,12.21524,4.30229,8.77668,5.50634,5.25809,5.86737,3.61825,7.80604,5.7682,4.17707,7.35539,4.97672,11.26461,7.32728,8.71817,4.72416,7.36102,7.15174,8.70972,5.35377,5.13068,9.75445,7.51511,6.34789,6.55172,4.62875,6.41926,4.68743,2.10703,4.25732,4.72866,10.54061,7.6579,6.67359,6.46321,8.15344,8.93713
AK,4.88402,9.95688,6.58022,11.54563,7.94962,5.90095,7.4051,6.53457,11.38808,6.7542,7.44762,11.3559,12.06439,12.34717,4.61597,7.35391,6.72012,5.94766,6.42392,4.11395,7.07009,5.62752,3.38541,5.51068,5.04398,10.13673,7.41625,8.9177,4.32292,7.2858,6.66852,6.97591,5.65121,5.50925,7.21227,8.11797,4.50047,5.92266,5.22651,6.75252,3.66128,2.30503,4.58784,4.30509,10.64171,8.06383,6.97216,7.39383,6.37781,8.93303
AK,4.39691,10.20182,5.60426,10.99134,9.62851,5.16253,4.05182,5.81453,11.10966,7.58497,7.75547,11.4074,11.8893,12.16179,4.72268,7.18409,5.09672,3.3771,6.21202,4.21763,8.18278,5.86282,3.89759,6.58682,5.66592,10.36757,7.56862,8.15419,3.66411,6.32357,6.41335,8.12695,5.49447,5.49237,6.08207,8.22149,6.54008,6.39632,4.17178,7.37433,4.21424,2.74367,4.79296,5.07838,9.75719,7.06687,6.78682,7.72636,7.96342,7.43225
AK,6.21395,10.83357,6.18616,11.27758,8.52469,5.36552,8.20725,6.18255,11.27179,7.8598,6.68851,11.04323,11.75298,12.37139,5.3806,8.5137,4.4791,6.46437,5.80361,3.56884,7.39495,5.22724,4.37929,6.24599,5.70383,11.06313,7.24071,8.69189,4.44991,7.25442,7.16448,9.40046,5.39581,5.05818,6.66286,7.78976,7.41635,6.38107,5.88642,6.97393,5.2579,1.75375,4.28749,5.56466,10.1958,7.54167,7.52497,7.2424,8.04282,8.91994
AK,3.54448,10.33932,6.71476,10.63257,8.44199,5.22259,4.26641,6.03319,11.37517,7.37858,6.4704,10.94839,11.90083,12.21003,4.3266,8.25384,6.12151,10.20004,5.70008,3.92005,6.12577,6.02883,4.93954,5.96336,3.79187,10.76498,6.65775,8.86677,2.9931,7.29115,7.9859,8.05955,5.53854,5.57572,9.27073,7.44947,7.53617,6.50186,5.53169,6.39727,5.05783,2.37334,4.43151,5.51774,10.09603,8.3051,7.83717,6.18412,8.34735,8.76631
AK,4.72596,10.12293,5.59974,11.76808,8.83296,5.52367,5.88269,6.01148,10.77031,7.41568,7.45327,11.15776,12.07101,12.04078,3.95563,7.87932,6.45536,3.46369,5.88119,3.82801,7.20269,5.58911,5.16707,6.7118,4.67871,10.83846,7.42795,8.26211,4.79491,6.40751,7.30506,8.25296,5.43666,5.4803,6.30744,8.39035,6.46492,6.16981,7.28796,7.63824,4.84852,2.20993,4.01503,4.38424,9.78772,7.40635,7.64293,7.55145,8.03859,9.28598
AK,3.81037,10.84307,5.34789,11.45587,8.46272,5.30371,3.55577,6.00807,11.11043,7.97524,7.14778,11.0744,11.97826,12.37617,5.3449,7.99968,5.23804,6.15175,6.99533,3.68756,5.2919,5.67732,5.44701,5.77044,7.73219,11.15875,6.79389,8.83686,4.10819,7.67964,6.62465,8.45032,5.55722,5.50371,7.88629,7.92554,8.29448,6.57143,5.88727,5.88653,4.11094,2.42084,3.81,5.42904,9.58636,7.24257,6.32471,7.18597,8.3061,9.10216
AK,4.22564,10.27901,6.25816,11.66426,9.4884,5.67987,5.4474,6.08294,11.0413,7.96612,7.18062,11.31645,12.0548,12.03486,4.72271,8.50431,5.57224,4.22541,6.03288,4.18333,7.51198,6.08072,4.36816,6.60347,4.84473,11.09416,7.17873,8.80739,3.49845,6.9843,6.48041,7.96808,6.05708,5.68857,6.98566,7.5942,6.66699,6.05536,5.96652,6.28511,4.8161,2.54423,4.46251,4.95381,9.94509,6.95313,7.09421,6.74819,8.04306,9.93074
AK,5.38984,10.32818,6.18618,11.06323,7.43106,5.39282,4.82244,6.00045,10.93718,7.08006,7.21227,11.19109,11.96626,12.18199,4.16528,8.05099,4.92773,11.04868,6.18913,3.89387,6.5687,5.8044,4.80719,6.18051,6.3417,10.78202,6.96101,8.61141,4.08248,7.7909,8.22655,7.74629,5.70218,5.71809,7.89431,6.83794,6.55336,6.55675,5.27606,5.20541,4.45339,2.28794,4.10919,5.23478,9.97772,7.47447,7.24366,6.44182,8.17871,9.00787
AK,4.83094,10.35952,5.09169,11.30686,8.81252,5.3168,7.36781,6.0195,10.80733,7.46887,7.44735,11.15487,12.02526,12.26412,4.24717,7.8233,5.11859,5.41059,5.96511,4.01699,7.31407,5.62688,4.55901,6.29948,4.90195,11.1583,7.00135,8.66599,3.77288,6.1324,6.8368,9.00595,5.21834,5.30748,8.73504,7.72184,6.12159,6.63255,5.31454,6.03807,4.84498,1.95656,3.91369,4.12796,9.89793,6.78211,7.32012,6.78307,8.02407,8.91504
AK,5.62381,10.49698,7.28802,10.46444,8.12465,6.14016,4.99039,5.77241,11.04097,7.23269,6.7129,11.15601,11.83573,12.18199,4.27376,7.81157,5.75321,8.78507,6.17816,3.61797,7.26282,5.60338,4.04398,6.12071,4.4779,10.41144,7.23228,9.07441,4.81753,7.08508,8.45928,8.35842,6.05214,5.51587,7.87041,7.63495,6.41435,6.21311,5.65522,7.05904,4.93022,2.6208,4.35447,4.9608,9.94386,7.83049,7.53892,6.49465,8.07685,8.12346
AK,6.75062,10.21045,6.95732,9.37708,7.147,5.87197,7.78045,6.36821,11.02585,7.89384,6.91722,10.91321,11.95056,12.18883,4.14826,8.2927,4.93807,4.82919,6.40345,4.01899,6.60325,5.83029,3.52887,6.98587,4.02766,11.14861,6.86461,8.49765,4.00532,6.76695,7.81227,9.42162,5.09455,4.71072,5.82417,7.95261,4.92802,6.44167,7.70204,8.14878,5.83408,2.01141,4.03651,4.77896,9.68956,7.38799,6.4662,7.09457,7.78461,8.82746
AK,3.93538,10.79181,5.50787,11.77753,9.14304,5.53828,7.27214,4.99801,11.28518,7.95008,7.37428,11.63415,12.0308,12.28752,4.14828,7.9932,5.24648,3.66122,6.75787,3.85737,7.23941,6.09311,4.5747,6.99358,5.01157,10.81988,7.20701,9.19387,4.56232,6.75908,6.87947,8.54651,5.58231,5.53364,9.02194,7.69354,6.16465,6.23503,3.32501,4.12445,3.99863,2.28483,4.36186,5.63507,9.02805,7.38639,7.31773,7.66952,8.10109,9.44546
AK,4.93598,10.66763,5.69382,10.65073,8.23491,6.08334,5.5799,6.33253,11.10709,7.33161,7.07701,11.22298,12.06663,12.19243,4.27801,7.80731,6.17084,10.03633,6.42968,3.65627,6.85105,5.58889,4.10667,6.72945,4.6241,10.46951,7.06621,9.04627,4.12815,7.61436,7.98968,8.99952,5.86223,6.20201,7.52716,8.11532,6.57886,6.11264,6.91397,7.87899,5.00762,2.12734,4.06017,5.41442,9.75613,7.73659,7.67621,7.17739,7.77159,8.55612
Healthy,6.44475,10.1567,9.28561,9.02899,6.60907,6.73987,10.4427,9.13379,10.38431,7.26417,6.7899,10.98352,11.99313,12.38334,4.2931,8.15625,5.28782,8.69106,6.50598,3.87729,7.6944,6.00751,4.22953,7.02616,4.35952,11.42195,6.86253,8.69505,4.25177,6.87717,7.36769,8.20291,5.36954,5.13909,8.37969,7.96738,5.37656,6.50103,4.39448,5.22534,4.467,2.37203,4.13612,4.84543,10.53724,7.22677,7.73164,6.88619,7.79196,8.5992
Healthy,7.46966,9.28663,9.17857,9.4556,6.32127,6.18782,9.73508,8.0805,10.65777,7.44621,7.13523,10.96445,11.92678,12.28733,6.64423,7.77072,5.88009,8.76886,6.02164,3.89558,7.46929,5.57277,5.13484,7.62619,4.91235,11.36155,7.04126,8.85072,3.58658,6.95562,7.10146,8.57319,5.52453,5.40511,8.64757,8.12995,6.54105,6.36888,5.94097,7.10146,4.5589,2.3737,4.10453,4.58614,10.41204,7.75881,7.26225,6.88136,7.7326,8.68795
Healthy,7.23088,9.53971,8.30307,9.91926,6.55629,6.18333,10.98798,8.24111,10.59126,7.57666,7.01613,10.84724,11.99944,12.20938,4.29159,7.91676,5.45688,8.41756,6.20846,3.77705,7.95913,5.81302,4.61311,6.70911,4.62449,11.13327,6.9154,8.71488,4.03213,6.49025,7.43911,9.26377,5.32706,5.19672,6.3238,8.23708,5.87626,6.28164,7.19833,7.56671,5.24521,2.13014,4.14234,4.86123,9.83886,7.58349,7.42259,7.20176,8.01439,8.76635
Healthy,6.48649,9.51196,8.41469,9.19118,6.29236,6.59603,9.2213,7.23519,11.03643,6.41932,6.72794,10.50043,11.51052,12.53522,4.50683,8.3302,5.73437,9.3624,4.84965,3.92148,7.83974,5.44268,5.32005,6.94306,5.50358,11.47343,6.55331,9.01073,4.56206,7.57467,7.37466,9.68828,5.19097,5.0641,6.44888,8.81005,6.27907,6.30116,6.19583,6.95195,4.95871,2.12487,3.93946,4.64803,10.89878,7.512,6.52924,7.43113,8.09457,7.80281
Healthy,6.66745,9.06169,8.66621,9.60868,6.09974,6.39195,10.1543,7.52849,10.95803,7.86926,7.34799,10.70255,11.78356,12.4023,5.11731,8.01986,5.61272,7.0386,6.09596,3.9007,7.70477,5.94661,4.37074,7.16948,4.55678,10.98684,7.21217,8.94645,4.08366,7.12229,7.52657,9.20079,5.56107,5.32795,7.16039,7.97537,5.65672,6.63922,6.09162,6.86619,4.74397,2.33255,4.17107,4.54371,10.58186,7.40954,7.48754,7.13197,7.84068,8.55558
Healthy,6.93253,9.0816,8.66776,9.11044,6.74386,6.68913,9.8392,7.25197,10.97527,7.41675,7.05835,10.81785,11.81485,12.38522,4.64699,8.37526,4.46957,7.59241,6.40191,3.78762,7.31416,6.11494,5.78515,7.77115,4.16577,11.39082,7.15254,8.47401,4.43274,7.07681,7.23231,9.43403,5.70341,5.61034,8.86179,7.6548,5.47438,5.93808,7.13281,8.53906,6.20701,2.21747,4.29605,5.03236,10.3558,7.30061,6.70998,7.11405,8.02976,9.08133
Healthy,7.67724,9.35916,8.67385,8.88268,4.96567,6.30955,9.96802,7.83135,10.88776,7.07968,7.33386,10.95898,11.94177,12.47022,4.60659,7.79855,5.9406,6.34258,5.95734,3.73357,7.4984,5.77014,5.38348,7.26275,3.73235,11.30311,7.04602,8.52434,5.1416,7.38374,6.28991,8.16478,5.6612,5.43222,5.77306,7.97055,5.10197,6.44582,4.68201,6.18124,4.24022,2.39833,4.38367,4.93735,10.37246,7.28466,7.00367,7.32586,7.7809,8.64215
Healthy,6.14892,8.74774,8.21283,9.29749,6.30748,7.02015,9.39326,8.33443,10.61147,7.28632,7.33723,10.89743,11.83891,12.25453,4.38259,8.17264,5.05112,9.4314,6.16837,3.5418,8.54414,5.20781,4.74036,7.28412,4.65859,11.6764,7.12791,8.86912,4.11969,7.41924,7.14976,8.47198,5.44466,5.37862,6.68104,7.96924,6.77971,6.51236,4.85442,6.75697,4.52639,2.23822,3.96738,4.02513,10.2823,7.59958,7.70283,7.44316,7.89883,8.29925
Healthy,6.96885,9.87218,9.68669,9.84902,6.67494,6.76678,9.74603,9.2505,10.78134,7.50402,6.47936,10.84778,11.79713,12.25129,6.97426,8.27307,6.03667,10.19591,6.4047,3.77463,7.50956,6.09147,4.88967,6.52466,3.44925,11.10367,7.07649,8.90283,3.22141,6.81866,7.65039,8.97157,5.13799,5.41117,7.37353,7.7108,5.88615,6.62107,6.4715,7.55678,5.23223,2.2957,4.28555,4.695,10.33604,7.55406,7.35308,6.92163,7.93282,8.70235
Healthy,7.28379,10.2851,9.05267,10.1771,6.13081,6.72237,10.2139,8.80512,10.86207,7.06905,6.77711,11.54709,12.26648,12.39487,4.60174,7.15393,5.47722,8.37281,6.66587,4.24151,7.17134,5.68272,3.86282,6.28869,4.00951,10.70138,7.33263,8.91856,3.64671,7.04918,7.72313,7.52945,5.55568,5.36291,9.13567,7.6921,3.24639,6.48049,6.86412,6.99161,4.68894,3.21107,4.50306,4.58452,10.38886,6.83786,6.86852,7.65286,7.06087,8.82326
Healthy,6.9288,8.95634,8.38134,9.03704,6.44055,7.27222,10.2249,8.05523,10.72836,7.48306,6.73563,10.96892,11.86867,12.34845,4.0792,7.84162,5.65578,8.45001,6.2229,4.00231,7.27441,5.96214,4.37084,7.20483,4.35261,10.9589,7.54283,8.27866,3.84537,6.55684,7.49934,8.80208,5.83646,5.18474,6.14241,7.45284,5.40603,6.45177,6.88236,8.89875,5.83778,2.13649,4.4233,4.84752,9.9277,7.53041,7.1972,7.03318,8.3778,9.09166
Healthy,7.32246,10.03665,9.00631,10.25446,2.6529,6.05628,10.02541,7.36578,10.97036,7.11297,7.13002,11.38797,12.24113,12.48867,4.66158,6.82582,5.10048,8.4745,6.85746,4.27769,7.36114,5.67772,3.44572,5.19732,4.28939,10.93295,7.41009,9.03909,2.65841,7.08688,7.28893,7.81768,6.0078,5.82141,6.64687,7.81677,4.24257,6.76016,6.87863,7.47061,4.98188,2.39212,4.23215,4.87908,10.54985,7.16433,6.64882,7.79381,6.73523,8.12765
Healthy,7.38987,9.56748,8.43876,9.5872,5.33354,6.37169,10.00257,7.0212,10.73829,7.46582,6.65603,10.8795,11.83294,12.28097,4.5057,8.41405,5.16186,11.79486,6.07834,3.64633,7.4001,5.92525,3.99077,7.55997,4.17064,11.04861,7.094,8.79517,3.92311,6.94445,7.3914,8.3537,5.46578,5.47818,6.44288,7.26689,5.95958,6.32613,5.07342,6.57434,4.52308,2.27818,4.28638,4.53843,9.90803,7.43079,6.84929,7.09526,7.86229,8.98471
Healthy,7.7213,9.54047,8.70393,9.48413,6.23563,6.62709,10.90147,6.98638,10.60546,7.63167,7.47119,11.09071,11.88377,12.28588,4.00285,8.38607,5.66012,7.64936,6.46059,3.8438,7.0045,5.7563,4.55177,6.55593,4.47341,11.36364,6.90719,8.68227,4.03027,6.88524,7.40366,8.90919,5.46896,5.44469,8.40637,7.55524,6.30428,5.53348,8.00833,7.85717,4.82339,2.16513,4.02898,5.06896,10.35612,7.03617,6.97931,7.4512,7.72342,9.45154
Healthy,6.57819,9.70407,8.71385,9.67133,8.52176,7.50041,8.76837,8.22843,10.8598,7.46599,7.08567,11.09877,11.86787,12.34074,4.17155,8.14955,5.18522,8.58554,6.20182,3.95462,7.74657,5.56657,4.49628,6.61333,5.04725,11.41124,7.06637,8.90157,5.02106,7.3394,7.29982,8.36434,5.31543,4.8417,7.93535,8.65373,6.56831,6.34349,3.75869,4.73936,4.71627,2.0893,4.17292,4.74447,10.38057,7.2886,7.62191,6.72573,8.26199,8.82878
Healthy,7.27207,10.03679,8.48738,9.14722,6.22875,7.06945,10.51065,7.52176,10.87345,7.67248,7.0552,11.04135,11.92853,12.2988,4.04873,7.83712,6.18455,5.35993,6.0913,3.73357,7.05985,5.85688,4.11476,6.77249,3.97061,11.09962,7.22339,8.88939,4.76964,7.02147,7.14735,9.00221,5.64719,5.36513,8.5788,7.51623,6.37283,6.42272,6.33107,6.95891,4.93775,2.17781,4.28745,5.08175,10.2875,7.79377,7.79377,7.39822,7.90808,9.22879
Healthy,6.06318,9.54651,9.70985,9.50234,7.20456,7.03074,8.6816,8.54488,10.49837,7.51529,7.09871,11.13423,11.93933,12.29463,4.31987,8.48407,6.12531,9.44865,6.44066,3.7374,7.31291,5.58066,4.41904,7.26672,3.55073,11.2726,6.94746,8.87393,4.5014,7.29554,7.01923,8.96683,5.54629,5.79538,8.78443,8.40335,6.15839,6.32888,3.46994,5.66729,4.9429,2.52783,4.30715,4.90166,10.56153,7.46367,7.89311,7.10867,8.05333,8.71737
Healthy,6.30743,9.70823,7.87366,9.82469,6.29106,6.38347,8.50593,6.91937,10.91132,7.32709,6.44643,10.89829,11.88547,12.08842,6.91568,7.89517,5.21866,9.2899,5.92355,4.12495,6.53794,5.97159,4.31323,7.08524,4.47745,10.79008,6.88637,8.77163,4.13046,6.83832,7.50885,8.78427,5.23959,5.44701,8.95938,7.6048,5.97317,6.37022,6.87781,7.54971,5.60253,1.94572,4.20706,4.86145,10.12026,7.32101,7.0476,7.19553,7.79136,8.3937
Healthy,7.09862,10.16527,7.43746,10.46433,6.4714,6.27137,9.20023,5.93113,11.48133,6.59647,6.41302,10.78089,12.00636,12.5398,4.49736,7.4208,6.81271,10.6643,5.42106,3.81347,8.50272,5.23539,5.48274,5.66029,5.18763,10.96552,6.85412,9.4195,4.14349,8.13038,8.00267,9.43469,5.47914,4.94203,7.01471,8.17762,5.84602,6.17903,4.88626,6.82534,5.41279,2.18139,4.17549,4.85575,10.58521,7.66133,6.89303,7.04876,8.10022,7.87838
Healthy,5.93319,8.85037,7.03543,9.81658,6.1508,5.54755,7.48965,5.58926,11.02163,6.5295,7.35016,10.13858,10.78793,12.47183,4.64523,8.50034,5.4979,7.85295,4.59362,4.10679,6.73989,5.36207,6.85251,5.88336,4.74083,11.33622,6.39767,8.33454,6.11687,6.89863,7.62874,9.12656,4.73044,5.00609,5.73756,9.09243,5.64213,6.23743,7.26106,7.79432,5.27661,2.38163,4.15637,4.69343,10.4208,7.36174,5.36855,7.21566,8.08243,7.70592
Healthy,5.75014,10.176,7.6905,10.20262,6.91345,6.31015,7.67276,7.6571,10.91754,7.45898,6.8637,10.79599,11.57306,12.32499,4.63753,8.1948,5.92709,7.65935,6.00454,3.68269,7.08616,5.59877,4.37815,6.86364,5.42237,10.78701,7.23347,8.53952,4.83172,7.06644,7.62698,9.08596,5.29171,5.59011,6.90991,7.51223,6.0285,6.3284,5.50745,6.03216,4.70052,2.43605,4.26083,5.51166,10.06847,7.42601,7.75518,6.81446,7.8646,8.68713
Healthy,6.06186,9.21895,8.18113,8.4672,5.53222,6.95876,9.12504,6.91202,10.97299,7.61334,6.65413,10.80307,11.91471,12.266,4.49341,8.28193,5.00952,7.66705,5.96512,3.66311,5.91735,5.44085,5.0051,7.05781,3.49061,11.1407,7.0618,8.67949,3.95131,7.2028,6.77918,9.24687,5.20892,4.9801,9.24637,7.67945,5.0843,6.55579,5.33439,7.22178,5.23251,2.06582,4.11132,4.70493,9.9493,7.39521,6.9159,6.83211,7.58649,8.42002
Healthy,6.79282,9.58981,8.41343,8.64023,5.311,6.03686,9.92988,7.61272,11.00147,7.47862,7.11347,10.88165,11.94668,12.35173,6.11794,8.15618,6.73086,9.88322,6.06488,4.18649,7.02013,5.75178,4.39677,7.27836,4.30066,11.16157,6.94102,8.24135,3.78434,6.76852,7.04386,8.89223,5.57461,5.20596,6.44276,8.42031,4.78364,6.76408,3.53969,6.40508,5.318,2.04126,4.40706,5.43755,10.32381,7.33015,7.14126,7.04913,7.61885,8.51892
Healthy,5.89347,9.5491,7.95767,9.22275,7.01607,6.28252,8.70957,7.8723,11.02542,7.48546,6.79432,10.76255,11.72795,12.25451,6.3649,8.28194,5.80458,10.05292,6.61091,3.89972,7.21713,6.2438,3.49218,6.79594,4.41473,11.05824,7.13137,8.76411,2.92486,7.15344,7.41464,9.3018,5.55009,5.19107,6.51018,7.61452,6.38228,6.78225,6.18816,6.94675,6.02198,2.45284,4.17369,4.87028,10.34563,7.92148,8.12621,7.76323,7.872,8.06685
Healthy,7.1442,9.66734,8.88541,10.0294,7.04168,6.70136,7.47657,7.97478,11.0312,7.80214,6.61551,11.00567,11.62823,12.26952,5.66996,8.382,6.3365,9.43716,6.21101,3.92122,6.40963,5.71543,4.33713,6.78447,3.78207,10.78417,7.12977,9.10034,3.06729,7.24362,7.91009,9.47492,5.41585,5.01065,6.76018,7.74225,6.10953,6.62276,6.40428,6.96003,5.57133,2.11748,4.43055,5.26913,10.29389,7.47188,7.6712,6.98397,7.73912,8.66568
Healthy,7.723,9.72553,8.30284,9.60021,6.56509,6.40227,8.57406,7.10336,10.83083,7.58945,6.92811,11.10968,11.93954,12.2349,4.25945,8.58252,5.92739,10.60416,6.15255,3.98455,7.08817,5.87061,4.26029,6.82758,4.34919,11.1583,7.01759,9.01258,3.66084,7.00322,7.46986,8.66371,5.27086,5.25578,8.8577,7.97967,5.06103,6.09059,5.8829,6.8189,4.94505,2.40003,3.97271,4.70028,9.98869,7.47151,6.87443,6.96729,7.79196,8.39338
Healthy,6.00144,9.51334,7.15898,10.41466,6.24433,6.87653,6.85997,8.05358,10.94607,7.4602,5.18731,10.78943,11.64071,12.16367,5.45769,8.00096,4.63266,4.91336,6.14764,3.71423,5.43008,6.28977,3.62349,5.87268,3.02179,10.64059,6.51269,8.81286,3.6644,6.14503,7.9623,9.93773,5.24757,5.04861,5.33944,7.76752,3.02777,6.56114,8.7478,10.06308,6.65209,2.05259,4.26278,4.37422,9.96969,7.73656,6.79769,7.84025,7.96148,9.2065
Healthy,7.11151,9.48559,8.54254,9.81475,7.0364,6.62664,10.16602,7.43164,10.67569,7.67281,6.9657,10.84959,11.75172,12.11624,3.57705,7.82432,5.3256,9.86398,5.74107,3.64338,6.35155,5.2661,4.04823,7.40799,4.65859,11.0412,7.08643,8.68346,3.36801,6.42617,7.29792,8.98387,5.59748,5.1725,6.50884,7.96922,4.97077,6.41381,7.16945,8.15868,5.38215,2.30756,4.32595,5.02671,10.37561,7.62511,7.03126,6.65281,8.20711,8.71473
Healthy,6.03612,9.36164,9.04492,8.97784,4.97351,6.3686,10.06095,6.76659,10.72769,7.23009,7.03916,10.68016,11.74797,12.46112,4.31576,7.952,5.43771,6.20322,6.85539,4.12142,6.99737,5.84459,4.64476,7.12115,3.86392,11.25935,7.26986,8.92649,3.75997,6.35579,6.52709,8.95573,5.39726,5.22604,6.59337,8.46007,5.43978,6.65701,6.63825,6.91292,4.49591,2.03598,4.45596,4.59863,10.23291,6.67303,6.92718,7.47938,8.16636,8.83853
Healthy,6.03728,9.18375,9.29942,10.16573,7.59233,6.54535,8.94994,8.98941,10.6823,7.8516,6.98258,10.71997,11.8059,12.23683,6.41342,8.0961,5.53993,10.52692,6.45904,3.78073,7.14476,5.82682,3.73037,7.45484,4.32859,11.33797,7.07589,9.12168,3.71362,6.71083,7.11702,9.01809,5.45211,4.95091,6.46234,7.89804,5.87724,6.51255,4.61245,5.22511,4.63706,2.483,4.23388,4.54694,10.02017,7.06728,8.23746,7.63944,7.18458,8.49147
Healthy,6.13282,9.96446,8.13951,10.0505,6.05513,6.63444,9.23139,7.2092,10.88293,7.02866,7.02539,11.01997,11.92127,12.07937,4.39802,8.04251,5.46021,11.04038,6.11238,3.73787,6.47852,6.09696,4.12069,6.45554,3.70033,10.68774,6.92618,8.81781,3.45128,6.97108,7.71504,8.94054,5.74775,5.59036,6.30575,7.13974,5.83412,6.57779,6.07982,6.30195,4.94961,2.1085,4.24568,5.31771,10.09316,7.38223,7.5113,6.9777,8.11252,8.60631
Healthy,6.46889,8.91567,8.68316,9.54724,5.88399,7.53399,8.32006,7.47427,10.58032,7.45364,7.825,10.89833,11.77207,12.14252,4.21174,8.67315,5.35179,8.89196,6.17398,4.01615,6.80281,6.07041,3.93272,6.88405,3.52388,11.17082,7.08799,8.60379,4.43111,6.61273,7.11654,8.99711,5.45813,5.33899,8.42731,7.92773,5.88292,6.34867,8.03304,8.21129,4.73767,2.24297,4.15364,4.45904,10.2488,7.32769,7.1066,8.01256,7.6855,9.57907
Healthy,6.65191,9.97373,8.16998,9.22259,6.83168,6.58025,8.37075,7.16932,10.95084,7.33704,6.73165,10.87705,11.76933,12.17519,4.31239,8.03859,5.53179,9.86165,6.56992,3.45966,6.09382,5.28919,4.15236,6.16449,4.05993,10.88307,6.71011,8.56898,3.94761,6.92834,7.81343,9.22663,5.32648,4.91456,7.09912,7.95998,5.46135,6.32908,7.5147,8.30948,5.51871,2.26281,4.62557,5.2269,10.30581,7.31716,6.94716,7.33119,7.94854,8.41041
Healthy,7.90733,10.52183,9.10598,9.0788,5.87002,5.53828,10.59327,6.05545,10.87127,7.36761,6.94949,10.98387,12.04991,12.26333,5.26249,8.27044,5.47988,5.63774,6.89448,3.7374,6.59594,6.01272,4.09418,7.51517,3.81792,11.42569,6.87667,8.95444,3.7447,7.26177,7.74798,9.10435,5.38246,4.86222,6.26412,7.98932,6.37747,6.30765,6.42301,7.22335,4.95371,2.3506,4.50917,5.53997,10.62868,7.61417,7.63243,6.74694,7.99022,9.14711
Healthy,6.65332,9.98801,8.47017,8.73957,6.24869,6.12631,9.5212,7.02663,10.98313,7.90612,6.922,11.11124,11.90776,12.26061,4.23353,8.13604,5.35,9.17284,6.22099,3.53596,6.38333,5.92479,5.10233,7.00995,4.21667,11.22064,7.07558,8.93215,4.49778,7.06451,7.10307,9.04282,5.46107,5.23603,8.77192,8.12288,6.35808,6.19068,6.41325,6.86229,5.34968,2.16618,4.12339,4.59863,10.10588,7.79253,7.5476,7.35089,8.01004,8.94651
Healthy,7.93049,9.70243,6.6476,9.33405,5.59357,6.04992,9.53579,6.34267,10.77819,8.61963,5.72563,10.87576,11.70185,11.92202,5.37812,8.01969,3.50985,6.18666,5.27476,4.30275,6.46188,6.00981,3.43929,6.77795,3.55991,10.68388,6.69443,8.59043,4.1538,6.75086,7.82968,9.45191,5.6355,5.47493,5.51072,8.13952,3.96761,6.19136,8.67727,9.24982,5.86641,1.99743,4.14917,4.33466,8.54136,7.8435,5.65304,6.77869,7.82668,8.24471
