Condition,HNRNPM,RPS13,IKZF1,LSM6,CTDP1,CCNE2,DEFA1,ITGA2,EFNB3,FABP7,TRO,MAP3K8,STAT5B,ZBTB48,RAD51,FOXN3,ARL4A,VIPR1,TGFA,IFT27,SLC38A2,FGFBP1,ORM2,GPR162,ITGAE,NEB,PRIM1,AUH,KIT,MAPK8IP2,CD79A,PSPH,ASNS,CENPE,AKAP10,GABRP,CFTR,GNE,ORM1,ADORA2A,SLC26A1,AMMECR1,GPC4,GIT2,SLC22A18,CLOCK,SH3BGR,CLASRP,DDX10,EMP2
SCC,9.78081,12.66804,4.59995,9.30935,6.4502,5.63466,4.41303,8.2824,3.1273,3.51898,3.97484,7.95589,6.1586,5.73257,4.85497,5.42078,10.01501,7.83846,8.2752,8.08014,11.18436,11.37224,2.62663,5.404,9.02271,4.1809,8.13559,6.90373,8.28507,5.79785,5.71964,7.4526,8.27081,8.00995,6.09302,3.32375,3.71184,6.09228,4.6648,5.79034,5.13514,10.33652,5.43879,7.20054,6.14958,8.20304,7.15663,9.04256,8.0399,9.98344
SCC,9.40777,12.56232,3.86178,9.119,6.43909,5.31025,4.69656,8.94289,5.20927,2.88399,4.35803,5.92971,5.47605,5.31959,5.2013,5.67816,10.2796,7.75242,7.51784,6.9654,11.9111,10.82734,2.90964,5.5887,8.81151,4.75505,7.91938,7.2038,4.5921,5.55495,5.25278,7.414,8.88016,7.70309,6.7319,2.89066,3.85718,4.94625,4.91444,5.23967,5.77104,9.53565,4.92693,6.61385,5.73749,8.2035,4.25602,10.44701,8.2652,9.16447
SCC,9.49692,12.66883,4.68869,8.0842,6.56722,5.04705,4.70639,7.63541,4.43955,2.53786,4.45928,8.29651,5.85857,5.87631,4.42561,6.1197,10.52891,8.3407,7.89198,6.43495,11.1138,11.20249,2.15723,5.90738,8.88526,5.3965,7.06266,7.65158,8.10209,5.67554,5.22938,9.0732,8.18209,6.51083,6.38402,2.8417,4.3464,6.7334,4.65867,5.53079,5.36761,9.95701,5.24211,6.36241,5.89103,8.55471,5.49098,9.58987,7.69691,10.73188
SCC,9.88867,12.51673,4.31181,9.40057,6.6241,6.73105,4.61675,8.35498,4.65109,3.40506,4.46357,7.53349,5.83,5.86054,5.11589,5.7506,10.06044,5.7744,7.22322,7.92329,11.87918,12.2488,2.59512,5.60709,8.9945,4.83649,8.71533,7.55259,6.90903,5.77218,5.09229,7.35327,8.73764,8.826,6.2314,3.07743,3.14535,5.73729,4.70887,5.31982,5.59385,10.1299,4.64186,5.50173,5.49589,8.67607,6.03292,9.32456,8.71963,10.04919
SCC,9.31478,12.55747,5.20237,8.45296,6.58889,5.18876,5.03424,8.04253,4.30044,3.07421,5.39797,7.66872,5.59024,5.45046,5.74864,6.1887,9.84029,5.97491,7.75515,7.02902,11.74726,11.28985,3.74926,5.1282,8.51507,5.01095,8.04064,6.8919,5.55302,5.75148,5.37547,9.19324,8.31371,7.61266,6.33558,3.0218,3.4988,5.86,4.87176,5.49399,5.74873,10.27474,4.843,5.54009,5.31399,8.66342,5.94525,9.44262,7.45796,9.60065
SCC,9.30401,11.60982,4.12363,8.64434,6.28344,5.13617,4.75994,8.61863,3.58452,2.71449,4.36507,5.92189,5.5395,5.60782,6.01439,6.33357,9.68514,6.08331,7.246,7.73504,11.81061,9.75458,2.42083,5.44674,8.3849,4.67858,7.38275,7.17594,6.32318,5.33674,5.30118,6.94579,7.82092,5.76972,6.78942,3.29083,4.2933,5.14143,4.81467,5.28677,5.64409,8.89585,7.8595,6.08572,4.86156,7.60078,7.3566,9.52515,8.0575,9.98886
SCC,9.55709,12.48657,5.34709,9.18657,7.67256,6.00749,4.81327,8.63069,5.81772,3.61689,4.10388,6.26757,6.55782,5.80024,6.0029,5.76899,9.99204,7.71896,7.37514,7.68966,11.9204,11.06227,2.69767,5.90097,8.40211,4.51899,8.0883,7.535,7.91088,5.94451,5.67473,7.6318,7.68844,8.21382,7.21763,7.12157,5.85333,4.73839,4.40285,6.37265,5.19882,9.5822,4.60756,5.83892,6.07503,8.37196,6.18808,9.4553,7.68346,10.60779
SCC,9.41624,12.70778,4.29976,8.93726,6.76359,4.55443,5.0866,7.20822,4.81576,2.95685,4.47134,7.9778,6.36878,6.59793,4.34581,5.45563,10.32726,6.8399,8.62202,7.02693,11.29721,10.74465,2.32422,5.95856,8.06903,4.21744,7.46018,5.67773,6.21967,6.12287,5.55095,9.14614,8.87473,7.08833,6.97338,3.17212,4.16359,4.19662,4.67297,5.42951,5.73991,10.17129,4.56051,5.7818,5.6925,8.44462,6.74989,9.21343,7.93574,10.12428
SCC,9.39192,12.61621,4.49896,8.78848,7.01182,5.30169,4.55979,7.91176,3.2903,3.08044,4.65092,5.22861,6.38204,6.61333,4.97695,6.28414,9.80932,6.89472,9.04949,7.38307,11.75922,11.42038,2.68741,5.73843,8.03397,4.22819,7.09637,7.32613,5.15651,5.73655,5.44617,7.38477,8.16451,7.63813,6.45523,2.81177,3.49557,4.89954,5.42295,5.89238,5.78581,10.44577,4.65891,6.43423,6.21805,8.70642,4.5017,9.86611,7.65746,9.77189
SCC,9.88923,12.55731,5.15551,9.20581,7.00497,5.94829,4.85575,8.11327,3.6364,3.5229,4.53059,6.7571,5.81613,5.95154,5.81613,5.86799,9.71516,6.18825,7.79973,7.11674,11.36793,11.17802,2.62937,5.62529,8.65749,4.60295,7.91017,7.51188,5.59802,5.7475,5.60866,8.93479,7.80562,8.07417,6.85443,2.99437,3.3839,5.58916,4.90467,5.29669,5.5162,9.85274,4.54309,6.37771,5.69983,7.94814,4.65593,9.51927,6.81958,9.88641
SCC,9.79562,11.94096,4.57308,8.59224,6.89803,7.89927,4.91685,7.70742,3.13944,3.13568,4.39237,7.54461,5.25917,6.78853,5.61152,6.53776,9.71367,7.22086,5.72701,6.88912,12.19008,6.8309,3.10848,5.64984,7.95872,3.7413,8.37888,7.23412,6.54507,6.11461,5.32706,7.20159,8.66392,8.58305,6.35564,3.27201,3.67523,4.97995,5.30428,5.0993,5.84088,9.45367,4.45595,6.13721,5.03038,7.99639,5.75352,10.0083,6.50212,10.22993
SCC,9.73475,12.47134,4.41842,9.36068,6.67372,5.57718,4.30123,8.68987,5.7046,2.90403,4.28271,5.26711,5.7512,6.27163,5.8263,6.24275,9.92608,5.47139,7.70515,8.10307,11.81523,11.51269,2.27861,5.35015,8.75353,4.66309,8.15627,6.99444,5.94348,5.71443,5.11115,7.49494,8.47818,8.54167,6.85274,2.96917,3.77238,5.14923,4.45598,5.19381,5.2408,9.51706,4.97476,5.73328,5.96125,8.5131,6.64055,9.37562,8.48477,9.15078
SCC,9.29114,12.47075,4.71466,8.54597,7.31723,4.65629,4.28772,9.22592,4.00473,3.1156,4.93173,7.04458,5.58458,6.15507,4.60602,6.92919,10.59894,7.0441,7.2693,7.27395,11.55584,9.12843,2.19595,5.84834,8.18541,5.77029,6.7533,7.6292,8.2295,6.3405,5.46325,6.97262,8.18116,4.97322,6.94326,3.08699,4.92816,4.50593,4.4288,5.57413,5.61658,9.31994,5.21877,5.71459,5.95196,8.30727,5.3634,9.84564,7.35966,10.38848
SCC,10.13228,12.57198,4.20591,9.63509,7.40634,6.57199,4.40723,7.62623,3.70993,3.26286,4.95183,6.0114,6.48947,6.73227,6.21707,6.48177,9.81059,7.10979,9.19469,6.42956,10.99628,11.39025,2.57498,5.71951,8.55531,4.22987,8.54255,6.4473,4.24435,5.85949,5.77055,7.26791,8.77012,8.95748,6.93189,3.06209,3.69345,5.08052,4.94139,5.70001,5.50911,9.96894,4.92521,6.61981,6.38687,8.45921,5.77113,9.9957,7.58592,10.55427
SCC,9.47827,12.56367,5.16091,7.79529,7.09692,4.60941,5.17652,6.58682,5.77365,3.35293,4.68622,4.97303,6.78264,7.17879,4.34265,5.68626,7.57234,7.14293,7.86425,7.72329,12.29066,11.3967,2.78427,6.26369,7.8661,3.46196,5.53756,5.01319,5.11655,6.14683,5.74761,10.42692,8.13615,7.8795,6.55216,3.48809,4.15134,3.66896,5.06579,5.48631,5.92057,9.74003,4.93556,6.49503,6.64993,8.86454,4.01254,10.00374,5.57724,10.33265
SCC,9.37818,12.09163,4.67957,9.49566,6.21962,6.28596,4.36359,7.33148,6.91966,3.27358,4.31351,7.29499,5.87628,5.91483,6.52639,5.31659,10.52448,6.11542,6.32565,8.56841,11.59969,9.30619,2.50395,5.32655,9.21915,5.09141,9.48709,8.85227,8.1044,5.31161,5.15925,7.23635,8.52199,9.04042,6.53794,3.02899,3.97023,4.92929,4.83452,5.17895,5.48772,9.18317,5.04974,5.85699,5.32624,8.46215,7.08482,9.55145,8.27839,9.18585
SCC,9.36084,12.48966,5.39395,8.82194,7.26922,5.82811,4.62397,9.87103,4.87768,3.19159,3.98832,5.99418,6.16633,5.85786,5.74662,5.94799,10.62203,4.77262,8.03967,7.97592,12.16146,12.32032,2.44787,5.75872,8.33368,4.85172,7.12751,6.03764,5.09097,5.71487,5.34857,10.20061,8.1478,9.00279,6.33524,4.71017,4.36609,4.78819,4.44162,5.25128,5.42808,8.63947,5.14004,6.87457,5.87728,7.66795,6.50214,9.23781,8.43744,8.75657
SCC,9.51019,12.30245,4.90967,9.11448,6.58945,6.67952,4.61651,8.82984,6.72281,2.89794,4.39943,5.29695,5.95925,6.38593,5.54604,6.08198,9.37768,5.61813,7.39568,7.5429,12.17279,10.31906,2.58863,5.65248,8.7069,4.14115,8.48243,6.93395,6.35389,5.52221,5.4889,8.01076,8.31806,8.3931,6.62592,3.00294,3.46454,5.65979,4.4263,5.56609,5.49205,8.97141,7.06789,6.04887,6.2851,8.43792,8.04769,9.39306,7.95167,9.21184
SCC,9.77509,12.58802,4.42392,9.3193,7.09799,5.45093,4.60228,8.06296,4.49682,2.89791,5.07199,6.55726,6.3397,6.68845,4.22687,6.62062,8.99103,6.43302,8.30272,7.73672,12.04527,10.81876,2.4675,5.80468,8.09103,4.40928,7.29897,5.68659,6.52789,6.06191,5.66206,7.99883,8.3877,7.85705,6.69058,3.16941,4.36218,4.58262,4.65867,5.15864,5.62692,10.03695,5.28279,6.17371,5.7634,7.52546,5.06121,9.39115,8.38528,9.37675
SCC,9.5664,12.9556,4.27858,8.29657,7.32095,5.34666,4.698,7.44506,4.88832,2.96068,4.39184,6.63473,5.97403,5.76,5.19761,6.72849,10.49012,7.15042,7.22056,7.23073,11.15309,11.08737,2.82716,6.00255,8.60802,4.91405,7.34586,6.71964,7.8338,5.61208,5.59435,7.50278,8.50984,7.2257,6.6855,3.13257,4.50499,4.7741,4.59052,5.52836,5.67583,9.69587,5.3127,5.2838,6.3041,8.57458,5.44661,9.89515,6.58566,10.85082
SCC,9.29905,12.58363,4.51214,7.80214,6.85196,5.71581,5.14356,8.04681,3.42729,4.68446,4.49674,5.11733,5.31662,6.41123,4.97246,5.85019,8.54836,5.63341,7.46147,7.30304,12.21608,10.71765,2.48194,5.64434,6.91847,4.18742,7.08,5.79397,5.92566,5.75393,5.60768,6.90589,7.8806,6.68219,6.24633,2.98004,4.17773,4.93173,4.88381,5.21814,5.58607,9.73651,5.59428,6.07034,6.30608,7.18374,4.80871,9.93672,7.6962,9.86736
SCC,9.53935,12.68359,4.23833,8.83477,6.79963,7.87585,4.65923,8.51285,3.60445,3.18482,4.61726,6.73866,5.54664,7.09035,5.62407,6.63904,10.51241,7.39366,6.15153,7.52702,11.43057,7.88161,2.2435,5.32075,8.16147,5.46261,9.04612,6.88559,7.45453,5.70709,5.23093,7.99782,7.82885,8.7235,6.44293,3.42632,3.53515,4.63569,4.69563,5.1233,5.52826,8.62472,5.12916,6.12388,5.78964,7.99596,5.80728,10.26198,7.03084,10.71226
SCC,9.96553,12.51026,5.0691,9.38051,7.15979,9.46432,4.94369,8.07129,3.79922,3.49147,4.34178,7.50374,5.06412,6.7904,6.28043,6.041,8.97143,6.63976,7.40422,6.94441,10.96823,8.33084,2.32582,5.39177,8.5902,3.42907,8.95564,7.65163,6.92942,5.37712,5.45086,9.58175,10.27242,8.85916,6.05267,2.9278,4.00548,5.22253,4.78939,5.37601,5.60829,9.3786,6.10177,6.2169,5.83743,8.8129,7.09021,9.62236,7.34005,10.70902
SCC,9.48338,12.49017,4.41718,8.92806,6.85966,6.04695,4.30878,9.36017,6.849,2.94141,4.38395,5.5429,5.43316,6.03503,5.53995,5.52753,9.05608,8.25715,8.34193,7.7711,11.92346,10.49742,2.80692,5.32943,9.11424,4.34713,8.14927,8.38072,6.97695,5.56122,5.38847,7.08038,8.29053,8.63967,7.26723,3.10018,3.02364,4.63924,4.78677,5.6417,5.40331,9.22104,4.63891,5.96612,5.26149,8.95607,6.113,9.56086,7.94777,8.24218
SCC,9.87955,12.27494,4.60928,9.37715,6.18953,7.14068,4.56273,7.57188,7.22215,3.31008,6.0534,4.76635,5.78379,6.65443,5.65817,3.50541,8.30868,4.33349,7.58716,7.29671,11.47956,9.07452,2.59915,5.66717,7.9437,3.85351,8.53815,7.44315,4.46518,5.38361,5.34691,7.36287,8.22186,8.21052,6.49558,2.59951,3.34904,6.2227,4.45892,5.33241,5.45105,8.35349,5.4501,6.59798,5.86,7.39153,5.52237,9.92975,7.71679,9.14199
SCC,9.33878,12.64977,4.1649,7.78231,7.61368,4.78002,4.91059,7.33991,4.91964,3.1688,4.73752,7.53541,6.22274,6.44981,5.65775,6.65943,10.33183,6.6654,8.60809,6.97336,11.05219,10.96069,2.6444,6.25797,8.40676,5.53729,7.08779,7.00341,7.02154,6.40234,5.98467,9.4191,8.65754,6.97751,6.17776,2.91799,6.35811,5.16277,4.67759,5.41285,5.78992,9.79889,5.10318,5.69251,6.55045,8.32436,6.37889,9.59945,7.45467,10.94544
SCC,10.05353,12.7285,4.14048,8.35944,7.40036,9.41418,4.93361,7.8204,3.59387,2.88866,4.44904,6.41771,6.63461,6.54174,5.0855,6.13004,10.13466,6.79608,6.65363,7.84469,11.42719,6.95683,2.69506,5.79784,9.3858,3.16907,8.27731,6.57426,3.94828,5.99247,5.61962,8.18369,10.9806,7.11217,6.26991,2.75271,3.74548,5.41334,4.56271,5.52058,5.76103,10.27137,4.3836,6.06752,6.19755,7.47318,6.39785,10.51424,6.63717,10.68669
SCC,9.8069,12.53779,4.0467,9.06844,7.33414,5.47095,5.23853,7.80742,5.23093,2.67454,3.97932,7.37287,5.68629,6.22611,5.85118,5.88905,9.2852,4.36453,6.8936,7.96422,12.09656,6.59011,2.55646,5.55743,8.69611,4.45035,7.96449,6.27206,5.12042,5.38126,5.11183,8.90063,7.75415,7.68412,6.87486,2.72365,3.48758,6.41841,4.52153,5.89472,5.71802,8.28456,4.70586,5.67339,5.44041,8.65219,6.10756,9.39423,9.95636,8.24189
SCC,9.10755,12.95961,4.24494,8.65267,6.98911,7.47688,4.59481,6.35149,3.13413,2.90312,4.29945,4.92869,5.51939,6.68217,5.61274,5.72476,10.63332,6.50496,7.53298,7.69585,11.89556,7.55995,2.47772,5.44588,8.52945,4.89185,8.32961,6.99894,6.67846,5.72249,5.48721,6.92463,10.30598,7.61884,6.39593,2.87031,3.47726,5.52565,4.74177,5.24232,5.71022,9.73769,4.59002,6.72531,5.57785,8.38147,5.89132,10.57876,6.06547,10.84373
SCC,9.42052,12.55506,4.01147,8.32865,7.06693,6.41475,5.06901,8.4358,3.66999,2.94201,4.30867,6.90756,5.94712,5.8006,6.09594,6.7346,9.22701,6.7699,7.36219,6.48477,11.6724,8.78933,2.25883,5.50859,8.5902,4.30338,8.33368,7.50812,7.65642,5.22278,5.66828,6.96197,6.59061,8.05818,6.73741,3.34386,4.12126,5.4964,4.64214,5.64868,5.30762,9.53992,5.35518,6.13535,4.67052,8.11807,4.743,9.31642,7.82242,8.97626
Healthy,8.91126,13.05944,4.84543,8.69505,6.86253,4.35952,4.2931,8.15625,5.28782,8.69106,3.87729,7.6944,6.00751,6.50598,4.22953,7.02616,10.53724,6.88619,7.73164,7.22677,11.42195,9.40301,2.37203,5.75492,8.34313,4.25177,6.87717,7.36769,8.20291,5.36954,5.13909,8.37969,7.96738,5.37656,6.50103,4.39448,5.22534,4.467,4.13612,5.73515,5.32172,8.51416,5.20006,5.91821,6.18222,7.79196,6.25252,9.74727,7.30995,11.17664
Healthy,9.01396,12.97655,4.58614,8.85072,7.04126,4.91235,6.64423,7.77072,5.88009,8.76886,3.89558,7.46929,5.57277,6.02164,5.13484,7.62619,10.41204,6.88136,7.26225,7.75881,11.36155,10.23931,2.3737,5.74872,8.22932,3.58658,6.95562,7.10146,8.57319,5.52453,5.40511,8.64757,8.12995,6.54105,6.36888,5.94097,7.10146,4.5589,4.10453,5.33173,5.56111,8.79993,5.32586,6.06678,5.88047,7.7326,6.83981,9.37218,7.06768,11.36675
Healthy,8.65026,13.17961,4.86123,8.71488,6.9154,4.62449,4.29159,7.91676,5.45688,8.41756,3.77705,7.95913,5.81302,6.20846,4.61311,6.70911,9.83886,7.20176,7.42259,7.58349,11.13327,10.5057,2.13014,5.59418,8.24886,4.03213,6.49025,7.43911,9.26377,5.32706,5.19672,6.3238,8.23708,5.87626,6.28164,7.19833,7.56671,5.24521,4.14234,4.96821,5.46485,8.82834,6.03165,6.0971,6.5752,8.01439,7.13032,9.38243,7.07135,11.30207
Healthy,8.49412,12.96355,4.64803,9.01073,6.55331,5.50358,4.50683,8.3302,5.73437,9.3624,3.92148,7.83974,5.44268,4.84965,5.32005,6.94306,10.89878,7.43113,6.52924,7.512,11.47343,9.56993,2.12487,5.12367,8.35827,4.56206,7.57467,7.37466,9.68828,5.19097,5.0641,6.44888,8.81005,6.27907,6.30116,6.19583,6.95195,4.95871,3.93946,5.03229,5.1078,9.26729,5.31154,5.89302,4.94923,8.09457,6.42757,9.33958,7.4672,11.06671
Healthy,9.02615,12.88973,4.54371,8.94645,7.21217,4.55678,5.11731,8.01986,5.61272,7.0386,3.9007,7.70477,5.94661,6.09596,4.37074,7.16948,10.58186,7.13197,7.48754,7.40954,10.98684,9.69496,2.33255,5.86854,8.25085,4.08366,7.12229,7.52657,9.20079,5.56107,5.32795,7.16039,7.97537,5.65672,6.63922,6.09162,6.86619,4.74397,4.17107,4.98879,5.46972,8.6091,5.59741,5.52381,6.50286,7.84068,7.33454,9.4518,7.23249,11.24255
Healthy,8.94292,13.033,5.03236,8.47401,7.15254,4.16577,4.64699,8.37526,4.46957,7.59241,3.78762,7.31416,6.11494,6.40191,5.78515,7.77115,10.3558,7.11405,6.70998,7.30061,11.39082,10.20243,2.21747,5.50709,8.28882,4.43274,7.07681,7.23231,9.43403,5.70341,5.61034,8.86179,7.6548,5.47438,5.93808,7.13281,8.53906,6.20701,4.29605,5.15317,5.40533,8.50282,6.15811,5.85081,6.43642,8.02976,6.82716,9.12721,7.04129,10.96658
Healthy,8.83847,13.08494,4.93735,8.52434,7.04602,3.73235,4.60659,7.79855,5.9406,6.34258,3.73357,7.4984,5.77014,5.95734,5.38348,7.26275,10.37246,7.32586,7.00367,7.28466,11.30311,9.83717,2.39833,5.80369,7.88881,5.1416,7.38374,6.28991,8.16478,5.6612,5.43222,5.77306,7.97055,5.10197,6.44582,4.68201,6.18124,4.24022,4.38367,5.10224,5.4079,9.02759,5.0577,6.20285,6.05524,7.7809,6.46245,9.42421,7.17881,11.39857
Healthy,8.76112,13.12097,4.02513,8.86912,7.12791,4.65859,4.38259,8.17264,5.05112,9.4314,3.5418,8.54414,5.20781,6.16837,4.74036,7.28412,10.2823,7.44316,7.70283,7.59958,11.6764,10.90612,2.23822,5.56972,8.40995,4.11969,7.41924,7.14976,8.47198,5.44466,5.37862,6.68104,7.96924,6.77971,6.51236,4.85442,6.75697,4.52639,3.96738,5.23384,5.0319,8.9209,5.86597,6.0698,6.82296,7.89883,5.52162,9.01372,7.15303,11.34788
Healthy,8.89654,12.98563,4.695,8.90283,7.07649,3.44925,6.97426,8.27307,6.03667,10.19591,3.77463,7.50956,6.09147,6.4047,4.88967,6.52466,10.33604,6.92163,7.35308,7.55406,11.10367,8.91508,2.2957,5.60186,8.13264,3.22141,6.81866,7.65039,8.97157,5.13799,5.41117,7.37353,7.7108,5.88615,6.62107,6.4715,7.55678,5.23223,4.28555,5.80945,5.23027,8.4597,5.39718,6.1176,6.41975,7.93282,6.95777,9.47829,7.51208,11.11277
Healthy,8.60291,13.35178,4.58452,8.91856,7.33263,4.00951,4.60174,7.15393,5.47722,8.37281,4.24151,7.17134,5.68272,6.66587,3.86282,6.28869,10.38886,7.65286,6.86852,6.83786,10.70138,10.41077,3.21107,5.69208,8.57171,3.64671,7.04918,7.72313,7.52945,5.55568,5.36291,9.13567,7.6921,3.24639,6.48049,6.86412,6.99161,4.68894,4.50306,5.56118,5.738,8.29519,4.01069,6.64899,7.04836,7.06087,6.92325,9.91108,6.7151,10.57655
Healthy,9.00882,12.95545,4.84752,8.27866,7.54283,4.35261,4.0792,7.84162,5.65578,8.45001,4.00231,7.27441,5.96214,6.2229,4.37084,7.20483,9.9277,7.03318,7.1972,7.53041,10.9589,9.4258,2.13649,5.67493,7.58195,3.84537,6.55684,7.49934,8.80208,5.83646,5.18474,6.14241,7.45284,5.40603,6.45177,6.88236,8.89875,5.83778,4.4233,5.26047,5.75617,8.44378,6.09361,6.21099,6.16771,8.3778,8.19728,9.38321,7.43935,10.86426
Healthy,8.08468,13.41444,4.87908,9.03909,7.41009,4.28939,4.66158,6.82582,5.10048,8.4745,4.27769,7.36114,5.67772,6.85746,3.44572,5.19732,10.54985,7.79381,6.64882,7.16433,10.93295,9.6363,2.39212,6.06602,8.64006,2.65841,7.08688,7.28893,7.81768,6.0078,5.82141,6.64687,7.81677,4.24257,6.76016,6.87863,7.47061,4.98188,4.23215,5.08334,6.45879,7.7421,4.66607,6.32956,6.76435,6.73523,6.87873,10.16759,6.40849,10.48917
Healthy,8.74354,13.05756,4.53843,8.79517,7.094,4.17064,4.5057,8.41405,5.16186,11.79486,3.64633,7.4001,5.92525,6.07834,3.99077,7.55997,9.90803,7.09526,6.84929,7.43079,11.04861,9.62577,2.27818,5.67922,8.18228,3.92311,6.94445,7.3914,8.3537,5.46578,5.47818,6.44288,7.26689,5.95958,6.32613,5.07342,6.57434,4.52308,4.28638,5.45337,5.86213,8.6631,5.87105,5.88544,6.32642,7.86229,7.14774,9.61596,6.71231,11.3831
Healthy,8.73134,13.1228,5.06896,8.68227,6.90719,4.47341,4.00285,8.38607,5.66012,7.64936,3.8438,7.0045,5.7563,6.46059,4.55177,6.55593,10.35612,7.4512,6.97931,7.03617,11.36364,9.76885,2.16513,5.64823,7.92441,4.03027,6.88524,7.40366,8.90919,5.46896,5.44469,8.40637,7.55524,6.30428,5.53348,8.00833,7.85717,4.82339,4.02898,5.04525,5.22679,8.46025,6.26245,6.09345,6.01281,7.72342,7.14685,9.5218,6.49155,11.24829
Healthy,8.92759,13.21694,4.74447,8.90157,7.06637,5.04725,4.17155,8.14955,5.18522,8.58554,3.95462,7.74657,5.56657,6.20182,4.49628,6.61333,10.38057,6.72573,7.62191,7.2886,11.41124,10.89179,2.0893,5.0308,8.23756,5.02106,7.3394,7.29982,8.36434,5.31543,4.8417,7.93535,8.65373,6.56831,6.34349,3.75869,4.73936,4.71627,4.17292,5.04124,5.50497,8.75489,4.86032,5.59936,6.43785,8.26199,6.33675,9.54849,7.22987,11.10938
Healthy,9.22737,13.05364,5.08175,8.88939,7.22339,3.97061,4.04873,7.83712,6.18455,5.35993,3.73357,7.05985,5.85688,6.0913,4.11476,6.77249,10.2875,7.39822,7.79377,7.79377,11.09962,8.94607,2.17781,5.66212,8.08813,4.76964,7.02147,7.14735,9.00221,5.64719,5.36513,8.5788,7.51623,6.37283,6.42272,6.33107,6.95891,4.93775,4.28745,5.09814,5.2584,8.47181,6.23512,5.58947,6.16439,7.90808,6.75496,9.6755,7.01487,11.19119
Healthy,8.95353,13.14145,4.90166,8.87393,6.94746,3.55073,4.31987,8.48407,6.12531,9.44865,3.7374,7.31291,5.58066,6.44066,4.41904,7.26672,10.56153,7.10867,7.89311,7.46367,11.2726,9.46309,2.52783,5.76582,8.17495,4.5014,7.29554,7.01923,8.96683,5.54629,5.79538,8.78443,8.40335,6.15839,6.32888,3.46994,5.66729,4.9429,4.30715,5.22715,5.74032,8.85013,5.28483,6.09844,6.58292,8.05333,6.88718,9.62925,7.55101,11.31756
Healthy,8.78929,12.96115,4.86145,8.77163,6.88637,4.47745,6.91568,7.89517,5.21866,9.2899,4.12495,6.53794,5.97159,5.92355,4.31323,7.08524,10.12026,7.19553,7.0476,7.32101,10.79008,9.04437,1.94572,5.55095,8.38036,4.13046,6.83832,7.50885,8.78427,5.23959,5.44701,8.95938,7.6048,5.97317,6.37022,6.87781,7.54971,5.60253,4.20706,5.38252,4.91969,8.41966,6.66771,5.6133,6.26979,7.79136,7.39074,9.39736,6.50424,10.95721
Healthy,8.54566,13.04944,4.85575,9.4195,6.85412,5.18763,4.49736,7.4208,6.81271,10.6643,3.81347,8.50272,5.23539,5.42106,5.48274,5.66029,10.58521,7.04876,6.89303,7.66133,10.96552,9.83911,2.18139,5.10027,9.19619,4.14349,8.13038,8.00267,9.43469,5.47914,4.94203,7.01471,8.17762,5.84602,6.17903,4.88626,6.82534,5.41279,4.17549,5.23458,5.23011,8.92284,5.61095,5.62188,5.7846,8.10022,6.58079,9.58842,7.67025,10.85397
Healthy,8.37008,12.80362,4.69343,8.33454,6.39767,4.74083,4.64523,8.50034,5.4979,7.85295,4.10679,6.73989,5.36207,4.59362,6.85251,5.88336,10.4208,7.21566,5.36855,7.36174,11.33622,7.87117,2.38163,5.39862,8.46822,6.11687,6.89863,7.62874,9.12656,4.73044,5.00609,5.73756,9.09243,5.64213,6.23743,7.26106,7.79432,5.27661,4.15637,5.10911,5.13932,8.40086,6.41335,5.2322,4.64817,8.08243,7.18501,10.08499,6.58569,10.38893
Healthy,8.81726,12.7815,5.51166,8.53952,7.23347,5.42237,4.63753,8.1948,5.92709,7.65935,3.68269,7.08616,5.59877,6.00454,4.37815,6.86364,10.06847,6.81446,7.75518,7.42601,10.78701,9.84003,2.43605,5.70033,7.94334,4.83172,7.06644,7.62698,9.08596,5.29171,5.59011,6.90991,7.51223,6.0285,6.3284,5.50745,6.03216,4.70052,4.26083,5.94714,5.4873,9.05466,6.03322,5.51869,5.73075,7.8646,6.98586,9.2401,6.95148,10.97602
Healthy,8.86624,12.97302,4.70493,8.67949,7.0618,3.49061,4.49341,8.28193,5.00952,7.66705,3.66311,5.91735,5.44085,5.96512,5.0051,7.05781,9.9493,6.83211,6.9159,7.39521,11.1407,9.52079,2.06582,5.65299,8.31026,3.95131,7.2028,6.77918,9.24687,5.20892,4.9801,9.24637,7.67945,5.0843,6.55579,5.33439,7.22178,5.23251,4.11132,5.62976,4.98443,8.38615,6.04315,5.82572,6.267,7.58649,7.18469,9.45342,7.87946,10.66208
Healthy,8.91763,13.05346,5.43755,8.24135,6.94102,4.30066,6.11794,8.15618,6.73086,9.88322,4.18649,7.02013,5.75178,6.06488,4.39677,7.27836,10.32381,7.04913,7.14126,7.33015,11.16157,8.88428,2.04126,5.0878,8.42154,3.78434,6.76852,7.04386,8.89223,5.57461,5.20596,6.44276,8.42031,4.78364,6.76408,3.53969,6.40508,5.318,4.40706,4.73073,5.41934,8.82906,5.21922,6.29583,5.94192,7.61885,6.66331,9.60936,7.12125,10.94958
Healthy,8.82629,12.92784,4.87028,8.76411,7.13137,4.41473,6.3649,8.28194,5.80458,10.05292,3.89972,7.21713,6.2438,6.61091,3.49218,6.79594,10.34563,7.76323,8.12621,7.92148,11.05824,9.85143,2.45284,5.60034,8.12154,2.92486,7.15344,7.41464,9.3018,5.55009,5.19107,6.51018,7.61452,6.38228,6.78225,6.18816,6.94675,6.02198,4.17369,4.72816,5.26378,8.56695,6.2901,5.70153,5.68466,7.872,6.96216,9.19183,7.77646,10.79319
Healthy,9.13604,12.77325,5.26913,9.10034,7.12977,3.78207,5.66996,8.382,6.3365,9.43716,3.92122,6.40963,5.71543,6.21101,4.33713,6.78447,10.29389,6.98397,7.6712,7.47188,10.78417,9.39729,2.11748,5.26297,8.25368,3.06729,7.24362,7.91009,9.47492,5.41585,5.01065,6.76018,7.74225,6.10953,6.62276,6.40428,6.96003,5.57133,4.43055,5.34738,5.29273,8.73649,6.45475,5.72562,6.12993,7.73912,7.26396,9.25127,7.16882,10.68103
Healthy,8.75178,13.20473,4.70028,9.01258,7.01759,4.34919,4.25945,8.58252,5.92739,10.60416,3.98455,7.08817,5.87061,6.15255,4.26029,6.82758,9.98869,6.96729,6.87443,7.47151,11.1583,9.36849,2.40003,5.30847,8.14284,3.66084,7.00322,7.46986,8.66371,5.27086,5.25578,8.8577,7.97967,5.06103,6.09059,5.8829,6.8189,4.94505,3.97271,5.23657,5.49491,8.20981,5.76312,5.66411,6.5461,7.79196,7.11572,9.63663,7.07402,11.25644
Healthy,8.64921,12.77789,4.37422,8.81286,6.51269,3.02179,5.45769,8.00096,4.63266,4.91336,3.71423,5.43008,6.28977,6.14764,3.62349,5.87268,9.96969,7.84025,6.79769,7.73656,10.64059,5.81904,2.05259,5.18922,7.73752,3.6644,6.14503,7.9623,9.93773,5.24757,5.04861,5.33944,7.76752,3.02777,6.56114,8.7478,10.06308,6.65209,4.26278,4.95819,5.43291,6.41973,7.13148,5.66487,5.33502,7.96148,9.17934,9.07066,6.6152,9.57008
Healthy,8.77007,12.97229,5.02671,8.68346,7.08643,4.65859,3.57705,7.82432,5.3256,9.86398,3.64338,6.35155,5.2661,5.74107,4.04823,7.40799,10.37561,6.65281,7.03126,7.62511,11.0412,8.61284,2.30756,5.45662,7.9619,3.36801,6.42617,7.29792,8.98387,5.59748,5.1725,6.50884,7.96922,4.97077,6.41381,7.16945,8.15868,5.38215,4.32595,5.72998,5.48884,8.53081,6.07117,5.43206,6.11113,8.20711,8.43924,9.30904,6.5372,10.78942
Healthy,8.84667,13.22013,4.59863,8.92649,7.26986,3.86392,4.31576,7.952,5.43771,6.20322,4.12142,6.99737,5.84459,6.85539,4.64476,7.12115,10.23291,7.47938,6.92718,6.67303,11.25935,8.38091,2.03598,5.75806,8.01815,3.75997,6.35579,6.52709,8.95573,5.39726,5.22604,6.59337,8.46007,5.43978,6.65701,6.63825,6.91292,4.49591,4.45596,4.93248,5.49353,8.29395,5.73461,6.12107,5.56661,8.16636,7.12092,10.48755,6.53612,10.39243
Healthy,8.72787,13.06056,4.54694,9.12168,7.07589,4.32859,6.41342,8.0961,5.53993,10.52692,3.78073,7.14476,5.82682,6.45904,3.73037,7.45484,10.02017,7.63944,8.23746,7.06728,11.33797,9.79183,2.483,5.44224,8.31795,3.71362,6.71083,7.11702,9.01809,5.45211,4.95091,6.46234,7.89804,5.87724,6.51255,4.61245,5.22511,4.63706,4.23388,5.10185,5.68019,8.14341,5.53304,5.2577,6.23575,7.18458,7.18314,9.84451,6.87208,11.00773
Healthy,8.61913,13.05631,5.31771,8.81781,6.92618,3.70033,4.39802,8.04251,5.46021,11.04038,3.73787,6.47852,6.09696,6.11238,4.12069,6.45554,10.09316,6.9777,7.5113,7.38223,10.68774,8.66234,2.1085,5.63331,8.22266,3.45128,6.97108,7.71504,8.94054,5.74775,5.59036,6.30575,7.13974,5.83412,6.57779,6.07982,6.30195,4.94961,4.24568,5.86198,5.58265,7.95762,6.52462,6.15178,6.82092,8.11252,7.36761,9.72239,6.64771,11.06843
Healthy,8.58867,13.17357,4.45904,8.60379,7.08799,3.52388,4.21174,8.67315,5.35179,8.89196,4.01615,6.80281,6.07041,6.17398,3.93272,6.88405,10.2488,8.01256,7.1066,7.32769,11.17082,9.03377,2.24297,5.30729,8.17502,4.43111,6.61273,7.11654,8.99711,5.45813,5.33899,8.42731,7.92773,5.88292,6.34867,8.03304,8.21129,4.73767,4.15364,4.91634,5.62276,7.97518,5.26145,5.83906,6.21788,7.6855,7.72543,10.02008,6.39639,11.02793
Healthy,8.65037,13.10278,5.2269,8.56898,6.71011,4.05993,4.31239,8.03859,5.53179,9.86165,3.45966,6.09382,5.28919,6.56992,4.15236,6.16449,10.30581,7.33119,6.94716,7.31716,10.88307,8.70352,2.26281,5.5211,8.0952,3.94761,6.92834,7.81343,9.22663,5.32648,4.91456,7.09912,7.95998,5.46135,6.32908,7.5147,8.30948,5.51871,4.62557,5.36993,5.34028,8.01894,6.20411,5.83071,6.73826,7.94854,7.11424,9.5475,6.72119,10.96121
Healthy,8.94391,13.12772,5.53997,8.95444,6.87667,3.81792,5.26249,8.27044,5.47988,5.63774,3.7374,6.59594,6.01272,6.89448,4.09418,7.51517,10.62868,6.74694,7.63243,7.61417,11.42569,8.73209,2.3506,5.11538,7.88228,3.7447,7.26177,7.74798,9.10435,5.38246,4.86222,6.26412,7.98932,6.37747,6.30765,6.42301,7.22335,4.95371,4.50917,5.39963,5.46285,8.50252,5.42852,6.16064,5.86573,7.99022,7.15242,9.47489,7.14907,11.09093
Healthy,9.17349,12.97422,4.59863,8.93215,7.07558,4.21667,4.23353,8.13604,5.35,9.17284,3.53596,6.38333,5.92479,6.22099,5.10233,7.00995,10.10588,7.35089,7.5476,7.79253,11.22064,8.97079,2.16618,5.63212,8.17505,4.49778,7.06451,7.10307,9.04282,5.46107,5.23603,8.77192,8.12288,6.35808,6.19068,6.41325,6.86229,5.34968,4.12339,5.32046,5.06747,8.71867,6.72526,6.00278,6.26546,8.01004,7.14378,9.34208,7.0046,11.1216
Healthy,8.7437,12.91521,4.33466,8.59043,6.69443,3.55991,5.37812,8.01969,3.50985,6.18666,4.30275,6.46188,6.00981,5.27476,3.43929,6.77795,8.54136,6.77869,5.65304,7.8435,10.68388,3.84255,1.99743,5.43783,7.6948,4.1538,6.75086,7.82968,9.45191,5.6355,5.47493,5.51072,8.13952,3.96761,6.19136,8.67727,9.24982,5.86641,4.14917,5.51948,5.6053,7.19653,7.15761,6.13824,6.5755,7.82668,8.36498,9.78401,6.39822,9.15352
